存货编码,存货名称,产品分类,在制件数,当前工序,工序状态,时间,剩余工序,需求日期,已开合格证,NCR汇总
C07000138,轮轴#,子件,1,磁粉探伤,自制-完工,2026-09-28 10:57:42,,,,
CC091022,小齿轮轴,油气,8,磁粉探伤,自制-完工,2026-09-27 18:05:23,,2026-10-08 00:00:00,0,
CC091023,大齿轮,油气,9,磁粉探伤,自制-完工,2026-09-27 14:06:06,,2026-10-08 00:00:00,9,
CC092879,齿轮（左）,油气,10,摇臂钻2,自制-完工,2026-09-28 17:00:14,,,,
CC092880,齿轮（右）,油气,13,摇臂钻2,自制-完工,2026-09-28 17:45:20,,2026-09-17 00:00:00,0,
C01196370,一二级高速轴组件,高精高速,3,外圆磨,自制-完工,2026-09-27 20:02:03,磁粉探伤,2026-09-05 00:00:00,0,
C01196372,三四级高速轴组件,高精高速,2,外圆磨,自制-完工,2026-09-29 07:48:36,磁粉探伤,2026-09-05 00:00:00,0,
C14006233,三级推力盘转接套,子件,2,精车2,自制-完工,2026-09-17 06:17:17,,,,
C01300201,齿轮,散单,6,退磁,自制-完工,2026-09-26 15:41:38,,2026-10-15 00:00:00,6,
CC091723,齿轮,散单,5,退磁,自制-完工,2026-09-22 10:25:21,,2026-09-25 00:00:00,5,
C01196312,小齿轮轴,高精高速,2,渗透探伤（PT）,自制-完工,2026-09-26 16:19:07,,,,
C01196368,低速齿轮组34,高精高速,1,磁粉探伤,自制-完工,2026-09-17 15:29:09,,2026-09-07 00:00:00,1,
C01196384,高速齿轮轴41,子件,2,磁粉探伤,自制-完工,2026-09-26 18:07:03,,,,
C14006246,推力环41,子件,4,磨内孔,自制-完工,2026-09-29 07:53:33,,,,
C01196386,低速齿轮轴45,子件,2,磁粉探伤,自制-完工,2026-09-27 16:12:00,,,,
C01196388,,子件,1,磁粉探伤,自制-完工,2026-09-26 18:07:09,,,,
C07000137,,子件,1,磁粉探伤,自制-完工,2026-09-26 15:51:56,,,,
C01310054,厚齿圈,子件,1,平面磨,自制-完工,2026-07-27 13:59:36,,,,
C01300491,主动同步齿轮,高精高速,1,磨内孔,自制-完工,2026-09-28 17:34:15,磁粉探伤,,,
AGS00012,燃机齿轮箱维修,齿轮箱,1,装配,自制-完工,2026-09-27 13:50:02,,2026-09-20 00:00:00,0,
C01196230,齿轮轴,高精高速,15,磁粉探伤,自制-完工,2026-09-24 18:16:22,,,,
C01300351,大齿轮组件,高精高速,1,动平衡,自制-完工,2026-09-28 12:55:59,,2026-10-10 00:00:00,0,
C01310018,齿圈,散单,2,磨齿,自制-完工,2026-09-08 03:17:49,,2026-10-04 00:00:00,2,
C01196107,低速小齿轮组件,高精高速,1,齿检仪检测2,自制-完工,2026-09-22 11:15:21,,2026-09-10 00:00:00,0,
C01196109,高速小齿轮组件,高精高速,4,外圆磨,自制-完工,2026-09-28 18:01:02,,2026-10-10 00:00:00,4,
C01196295,低速齿轮轴,高精高速,8,磁粉探伤,自制-完工,2026-09-23 15:37:08,,2026-10-10 00:00:00,12,
C01196336,低速齿轮轴组件,高精高速,4,磨内孔,自制-完工,2026-09-22 15:36:27,磁粉探伤,2026-09-10 00:00:00,0,
C01196347,高速齿轮轴组件,高精高速,4,磨内孔,自制-完工,2026-09-26 15:48:19,磁粉探伤,2026-09-10 00:00:00,0,
C01300225,大齿轮组件,高精高速,2,动平衡,自制-完工,2026-09-27 18:50:09,,,,
C01196356,一二级高速轴组件,高精高速,1,磁粉探伤,自制-完工,2026-09-26 16:11:40,,2026-09-23 00:00:00,0,
C01196364,三级高速轴,高精高速,2,磨齿2,自制-完工,2026-09-29 06:46:11,磁粉探伤,2026-09-28 00:00:00,0,YN835
C01390024,齿轮,散单,2,发兰,委外-完工,2026-09-24 17:31:56,,2026-09-25 00:00:00,2,
C01216011,中间级行星轮,齿轮箱-普通,3,磁粉探伤,自制-完工,2026-09-15 15:47:08,,2026-09-30 00:00:00,7,
C20006009,接盘,齿轮箱-普通,1,发兰,委外-完工,2026-09-23 18:14:23,,2026-10-10 00:00:00,0,
